USE world;
DELETE FROM `creature_template` WHERE entry=2;
DELETE FROM `creature_template` WHERE entry=4;
DELETE FROM `creature_template` WHERE entry=5;
DELETE FROM `creature_template` WHERE entry=7;
DELETE FROM `creature_template` WHERE entry=8;
DELETE FROM `creature_template` WHERE entry=9;
DELETE FROM `creature_template` WHERE entry=10;
DELETE FROM `creature_template` WHERE entry=11;
DELETE FROM `creature_template` WHERE entry=12;
DELETE FROM `creature_template` WHERE entry=13;
DELETE FROM `creature_template` WHERE entry=14;
DELETE FROM `creature_template` WHERE entry=15;
DELETE FROM `creature_template` WHERE entry=16;
DELETE FROM `creature_template` WHERE entry=17;
DELETE FROM `creature_template` WHERE entry=18;
DELETE FROM `creature_template` WHERE entry=24;
DELETE FROM `creature_template` WHERE entry=26;
DELETE FROM `creature_template` WHERE entry=27;
DELETE FROM `creature_template` WHERE entry=28;
INSERT INTO `creature_template` (`entry`, `difficulty_entry_1`, `difficulty_entry_2`, `difficulty_entry_3`, `KillCredit1`, `KillCredit2`, `modelid1`, `modelid2`, `modelid3`, `modelid4`, `name`, `femaleName`, `subname`, `IconName`, `gossip_menu_id`, `minlevel`, `maxlevel`, `HealthScalingExpansion`, `RequiredExpansion`, `VignetteID`, `faction`, `npcflag`, `speed_walk`, `speed_run`, `scale`, `rank`, `dmgschool`, `BaseAttackTime`, `RangeAttackTime`, `BaseVariance`, `RangeVariance`, `unit_class`, `unit_flags`, `unit_flags2`, `dynamicflags`, `family`, `trainer_type`, `trainer_class`, `trainer_race`, `type`, `type_flags`, `type_flags2`, `lootid`, `pickpocketloot`, `skinloot`, `resistance1`, `resistance2`, `resistance3`, `resistance4`, `resistance5`, `resistance6`, `spell1`, `spell2`, `spell3`, `spell4`, `spell5`, `spell6`, `spell7`, `spell8`, `VehicleId`, `mingold`, `maxgold`, `AIName`, `MovementType`, `InhabitType`, `HoverHeight`, `HealthModifier`, `HealthModifierExtra`, `ManaModifier`, `ManaModifierExtra`, `ArmorModifier`, `DamageModifier`, `ExperienceModifier`, `RacialLeader`, `movementId`, `RegenHealth`, `mechanic_immune_mask`, `flags_extra`, `ScriptName`, `VerifiedBuild`) VALUES
(2, 0, 0, 0, 0, 0, 63445, 0, 0, 0, 'Dot Craft', '', '', NULL, 0, 5, 5, 0, 0, 0, 35, 4224, 1, 1.14286, 2, 0, 0, 2000, 2000, 1, 1, 1, 768, 2048, 0, 0, 0, 0, 0, 7, 0, 0, 0, 0, 0, 0, 0, 0, 0, 0, 0, 0, 0, 0, 0, 0, 0, 0, 0, 0, 0, 0, '', 0, 3, 1, 1, 1, 1, 1, 1, 1, 1, 0, 0, 1, 0, 2, '', 22566),
(4, 0, 0, 0, 0, 0, 3276, 0, 0, 0, 'four', '', '迷失泰坦', NULL, 0, 5, 5, 0, 0, 0, 35, 4224, 1, 1.14286, 1, 0, 0, 2000, 2000, 1, 1, 1, 768, 2048, 0, 0, 0, 0, 0, 7, 0, 0, 0, 0, 0, 0, 0, 0, 0, 0, 0, 0, 0, 0, 0, 0, 0, 0, 0, 0, 0, 0, '', 0, 3, 1, 1, 1, 1, 1, 1, 1, 1, 0, 0, 1, 0, 2, '', 22566),
(5, 0, 0, 0, 0, 0, 3276, 0, 0, 0, 'five', '', '迷失泰坦', NULL, 0, 5, 5, 0, 0, 0, 35, 4224, 1, 1.14286, 1, 0, 0, 2000, 2000, 1, 1, 1, 768, 2048, 0, 0, 0, 0, 0, 7, 0, 0, 0, 0, 0, 0, 0, 0, 0, 0, 0, 0, 0, 0, 0, 0, 0, 0, 0, 0, 0, 0, '', 0, 3, 1, 1, 1, 1, 1, 1, 1, 1, 0, 0, 1, 0, 2, '', 22566),
(7, 0, 0, 0, 0, 0, 56765, 0, 0, 0, '卡德加', '', '秘法殿堂', NULL, 0, 5, 5, 0, 0, 0, 35, 4224, 1, 1.14286, 1, 0, 0, 2000, 2000, 1, 1, 1, 768, 2048, 0, 0, 0, 0, 0, 7, 0, 0, 0, 0, 0, 0, 0, 0, 0, 0, 0, 0, 0, 0, 0, 0, 0, 0, 0, 0, 0, 0, '', 0, 3, 1, 1, 1, 1, 1, 1, 1, 1, 0, 0, 1, 0, 2, '', 22566),
(8, 0, 0, 0, 0, 0, 22794, 0, 0, 0, '影月无双', '', '皇家猎手', NULL, 0, 5, 5, 0, 0, 0, 35, 4224, 1, 1.14286, 1, 0, 0, 2000, 2000, 1, 1, 1, 768, 2048, 0, 0, 0, 0, 0, 7, 0, 0, 0, 0, 0, 0, 0, 0, 0, 0, 0, 0, 0, 0, 0, 0, 0, 0, 0, 0, 0, 0, '', 0, 3, 1, 1, 1, 1, 1, 1, 1, 1, 0, 0, 1, 0, 2, '', 22566),
(9, 0, 0, 0, 0, 0, 56678, 0, 0, 0, '沃夫加酋长', '', '剑刃风暴', NULL, 0, 5, 5, 0, 0, 0, 35, 4224, 1, 1.14286, 1, 0, 0, 2000, 2000, 1, 1, 1, 768, 2048, 0, 0, 0, 0, 0, 7, 0, 0, 0, 0, 0, 0, 0, 0, 0, 0, 0, 0, 0, 0, 0, 0, 0, 0, 0, 0, 0, 0, '', 0, 3, 1, 1, 1, 1, 1, 1, 1, 1, 0, 0, 1, 0, 2, '', 22566),
(10, 0, 0, 0, 0, 0, 29507, 0, 0, 0, '吸血姬美夕', '', '恶魔之魂', NULL, 0, 5, 5, 0, 0, 0, 35, 4224, 1, 1.14286, 1, 0, 0, 2000, 2000, 1, 1, 1, 768, 2048, 0, 0, 0, 0, 0, 7, 0, 0, 0, 0, 0, 0, 0, 0, 0, 0, 0, 0, 0, 0, 0, 0, 0, 0, 0, 0, 0, 0, '', 0, 3, 1, 1, 1, 1, 1, 1, 1, 1, 0, 0, 1, 0, 2, '', 22566),
(11, 0, 0, 0, 0, 0, 29853, 0, 0, 0, '小武', '', '十字军', NULL, 0, 5, 5, 0, 0, 0, 35, 4224, 1, 1.14286, 1, 0, 0, 2000, 2000, 1, 1, 1, 768, 2048, 0, 0, 0, 0, 0, 7, 0, 0, 0, 0, 0, 0, 0, 0, 0, 0, 0, 0, 0, 0, 0, 0, 0, 0, 0, 0, 0, 0, '', 0, 3, 1, 1, 1, 1, 1, 1, 1, 1, 0, 0, 1, 0, 2, '', 22566),
(12, 0, 0, 0, 0, 0, 32806, 0, 0, 0, '梵妮莎·范克里夫', '', '刺客联盟', NULL, 0, 5, 5, 0, 0, 0, 35, 4224, 1, 1.14286, 1, 0, 0, 2000, 2000, 1, 1, 1, 768, 2048, 0, 0, 0, 0, 0, 7, 0, 0, 0, 0, 0, 0, 0, 0, 0, 0, 0, 0, 0, 0, 0, 0, 0, 0, 0, 0, 0, 0, '', 0, 3, 1, 1, 1, 1, 1, 1, 1, 1, 0, 0, 1, 0, 2, '', 22566),
(13, 0, 0, 0, 0, 0, 28637, 0, 0, 0, '沙沙宝贝', '', '自由恋爱', NULL, 0, 5, 5, 0, 0, 0, 35, 4224, 1, 1.14286, 1, 0, 0, 2000, 2000, 1, 1, 1, 768, 2048, 0, 0, 0, 0, 0, 7, 0, 0, 0, 0, 0, 0, 0, 0, 0, 0, 0, 0, 0, 0, 0, 0, 0, 0, 0, 0, 0, 0, '', 0, 3, 1, 1, 1, 1, 1, 1, 1, 1, 0, 0, 1, 0, 2, '', 22566),
(14, 0, 0, 0, 0, 0, 39145, 0, 0, 0, '萨尔', '', '元素之魂', NULL, 0, 5, 5, 0, 0, 0, 35, 4224, 1, 1.14286, 1, 0, 0, 2000, 2000, 1, 1, 1, 768, 2048, 0, 0, 0, 0, 0, 7, 0, 0, 0, 0, 0, 0, 0, 0, 0, 0, 0, 0, 0, 0, 0, 0, 0, 0, 0, 0, 0, 0, '', 0, 3, 1, 1, 1, 1, 1, 1, 1, 1, 0, 0, 1, 0, 2, '', 22566),
(15, 0, 0, 0, 0, 0, 39698, 0, 0, 0, '陈·风暴烈酒', '', '复苏之雾', NULL, 0, 5, 5, 0, 0, 0, 35, 4224, 1, 1.14286, 1, 0, 0, 2000, 2000, 1, 1, 1, 768, 2048, 0, 0, 0, 0, 0, 7, 0, 0, 0, 0, 0, 0, 0, 0, 0, 0, 0, 0, 0, 0, 0, 0, 0, 0, 0, 0, 0, 0, '', 0, 3, 1, 1, 1, 1, 1, 1, 1, 1, 0, 0, 1, 0, 2, '', 22566),
(16, 0, 0, 0, 0, 0, 72905, 0, 0, 0, '玛法里奥·怒风', '', '自然之力', NULL, 0, 5, 5, 0, 0, 0, 35, 4224, 1, 1.14286, 1, 0, 0, 2000, 2000, 1, 1, 1, 768, 2048, 0, 0, 0, 0, 0, 7, 0, 0, 0, 0, 0, 0, 0, 0, 0, 0, 0, 0, 0, 0, 0, 0, 0, 0, 0, 0, 0, 0, '', 0, 3, 1, 1, 1, 1, 1, 1, 1, 1, 0, 0, 1, 0, 2, '', 22566),
(17, 0, 0, 0, 0, 0, 65661, 0, 0, 0, '伊利丹', '', '恶魔猎手', NULL, 0, 5, 5, 0, 0, 0, 35, 4224, 1, 1.14286, 1, 0, 0, 2000, 2000, 1, 1, 1, 768, 2048, 0, 0, 0, 0, 0, 7, 0, 0, 0, 0, 0, 0, 0, 0, 0, 0, 0, 0, 0, 0, 0, 0, 0, 0, 0, 0, 0, 0, '', 0, 3, 1, 1, 1, 1, 1, 1, 1, 1, 0, 0, 1, 0, 2, '', 22566),
(18, 0, 0, 0, 0, 0, 24191, 0, 0, 0, '阿尔萨斯', '', '死亡骑士', NULL, 0, 5, 5, 0, 0, 0, 35, 4224, 1, 1.14286, 1, 0, 0, 2000, 2000, 1, 1, 1, 768, 2048, 0, 0, 0, 0, 0, 7, 0, 0, 0, 0, 0, 0, 0, 0, 0, 0, 0, 0, 0, 0, 0, 0, 0, 0, 0, 0, 0, 0, '', 0, 3, 1, 1, 1, 1, 1, 1, 1, 1, 0, 0, 1, 0, 2, '', 22566),
(24, 0, 0, 0, 0, 0, 41276, 0, 0, 0, '鲍哥', '', '飞行家', '', 0, 90, 90, 4, 0, 0, 2481, 209, 1, 1.38571, 1, 0, 0, 2000, 2000, 1, 1, 1, 512, 34816, 0, 0, 0, 0, 0, 7, 0, 0, 0, 0, 0, 0, 0, 0, 0, 0, 0, 0, 0, 0, 0, 0, 0, 0, 0, 0, 0, 0, '', 0, 3, 4.5, 1, 1, 1, 1, 1, 1, 1, 0, 0, 1, 0, 0, '', 22566);

DELETE FROM `npc_vendor` WHERE entry=2;
DELETE FROM `npc_vendor` WHERE entry=7;
DELETE FROM `npc_vendor` WHERE entry=8;
DELETE FROM `npc_vendor` WHERE entry=9;
DELETE FROM `npc_vendor` WHERE entry=10;
DELETE FROM `npc_vendor` WHERE entry=11;
DELETE FROM `npc_vendor` WHERE entry=12;
DELETE FROM `npc_vendor` WHERE entry=13;
DELETE FROM `npc_vendor` WHERE entry=14;
DELETE FROM `npc_vendor` WHERE entry=15;
DELETE FROM `npc_vendor` WHERE entry=16;
DELETE FROM `npc_vendor` WHERE entry=17;
DELETE FROM `npc_vendor` WHERE entry=18;
DELETE FROM `npc_vendor` WHERE entry=24;
-- add items to vendor's list
INSERT INTO `npc_vendor` (`entry`, `slot`, `item`, `maxcount`, `incrtime`, `ExtendedCost`, `type`, `PlayerConditionID`, `IgnoreFiltering`, `VerifiedBuild`) VALUES
(2, 1, 138300, 0, 0, 2, 1, 0, 0, 0), -- 34 slot bag
(2, 2, 114821, 0, 0, 2, 1, 0, 0, 0), -- 30 slot bag
(2, 3, 51809, 0, 0, 2, 1, 0, 0, 0), -- 24 slot bag
-- legendaries
(2, 0, 137070, 0, 0, 2, 1, 0, 0, 0),
(2, 0, 137069, 0, 0, 2, 1, 0, 0, 0),
(2, 0, 137068, 0, 0, 2, 1, 0, 0, 0),
(2, 0, 137067, 0, 0, 2, 1, 0, 0, 0),
(2, 0, 137066, 0, 0, 2, 1, 0, 0, 0),
(2, 0, 137065, 0, 0, 2, 1, 0, 0, 0),
(2, 0, 137064, 0, 0, 2, 1, 0, 0, 0),
(2, 0, 137063, 0, 0, 2, 1, 0, 0, 0),
(2, 0, 137071, 0, 0, 2, 1, 0, 0, 0),
(2, 0, 137072, 0, 0, 2, 1, 0, 0, 0),
(2, 0, 137080, 0, 0, 2, 1, 0, 0, 0),
(2, 0, 137079, 0, 0, 2, 1, 0, 0, 0),
(2, 0, 137078, 0, 0, 2, 1, 0, 0, 0),
(2, 0, 137077, 0, 0, 2, 1, 0, 0, 0),
(2, 0, 137076, 0, 0, 2, 1, 0, 0, 0),
(2, 0, 137075, 0, 0, 2, 1, 0, 0, 0),
(2, 0, 137074, 0, 0, 2, 1, 0, 0, 0),
(2, 0, 137073, 0, 0, 2, 1, 0, 0, 0),
(2, 0, 137062, 0, 0, 2, 1, 0, 0, 0),
(2, 0, 137061, 0, 0, 2, 1, 0, 0, 0),
(2, 0, 137060, 0, 0, 2, 1, 0, 0, 0),
(2, 0, 137043, 0, 0, 2, 1, 0, 0, 0),
(2, 0, 137044, 0, 0, 2, 1, 0, 0, 0),
(2, 0, 137045, 0, 0, 2, 1, 0, 0, 0),
(2, 0, 137046, 0, 0, 2, 1, 0, 0, 0),
(2, 0, 137047, 0, 0, 2, 1, 0, 0, 0),
(2, 0, 137048, 0, 0, 2, 1, 0, 0, 0),
(2, 0, 137049, 0, 0, 2, 1, 0, 0, 0),
(2, 0, 137050, 0, 0, 2, 1, 0, 0, 0),
(2, 0, 137051, 0, 0, 2, 1, 0, 0, 0),
(2, 0, 137052, 0, 0, 2, 1, 0, 0, 0),
(2, 0, 137053, 0, 0, 2, 1, 0, 0, 0),
(2, 0, 137054, 0, 0, 2, 1, 0, 0, 0),
(2, 0, 137055, 0, 0, 2, 1, 0, 0, 0),
(2, 0, 137056, 0, 0, 2, 1, 0, 0, 0),
(2, 0, 137057, 0, 0, 2, 1, 0, 0, 0),
(2, 0, 137058, 0, 0, 2, 1, 0, 0, 0),
(2, 0, 137059, 0, 0, 2, 1, 0, 0, 0),
(2, 0, 137042, 0, 0, 2, 1, 0, 0, 0),
(2, 0, 137081, 0, 0, 2, 1, 0, 0, 0),
(2, 0, 137105, 0, 0, 2, 1, 0, 0, 0),
(2, 0, 137107, 0, 0, 2, 1, 0, 0, 0),
(2, 0, 137108, 0, 0, 2, 1, 0, 0, 0),
(2, 0, 137109, 0, 0, 2, 1, 0, 0, 0),
(2, 0, 137220, 0, 0, 2, 1, 0, 0, 0),
(2, 0, 137223, 0, 0, 2, 1, 0, 0, 0),
(2, 0, 137227, 0, 0, 2, 1, 0, 0, 0),
(2, 0, 137276, 0, 0, 2, 1, 0, 0, 0),
(2, 0, 137382, 0, 0, 2, 1, 0, 0, 0),
(2, 0, 137616, 0, 0, 2, 1, 0, 0, 0),
(2, 0, 138117, 0, 0, 2, 1, 0, 0, 0),
(2, 0, 138140, 0, 0, 2, 1, 0, 0, 0),
(2, 0, 138854, 0, 0, 2, 1, 0, 0, 0),
(2, 0, 138879, 0, 0, 2, 1, 0, 0, 0),
(2, 0, 138949, 0, 0, 2, 1, 0, 0, 0),
(2, 0, 140846, 0, 0, 2, 1, 0, 0, 0),
(2, 0, 141321, 0, 0, 2, 1, 0, 0, 0),
(2, 0, 137104, 0, 0, 2, 1, 0, 0, 0),
(2, 0, 137103, 0, 0, 2, 1, 0, 0, 0),
(2, 0, 137102, 0, 0, 2, 1, 0, 0, 0),
(2, 0, 137082, 0, 0, 2, 1, 0, 0, 0),
(2, 0, 137083, 0, 0, 2, 1, 0, 0, 0),
(2, 0, 137084, 0, 0, 2, 1, 0, 0, 0),
(2, 0, 137085, 0, 0, 2, 1, 0, 0, 0),
(2, 0, 137086, 0, 0, 2, 1, 0, 0, 0),
(2, 0, 137087, 0, 0, 2, 1, 0, 0, 0),
(2, 0, 137088, 0, 0, 2, 1, 0, 0, 0),
(2, 0, 137089, 0, 0, 2, 1, 0, 0, 0),
(2, 0, 137090, 0, 0, 2, 1, 0, 0, 0),
(2, 0, 137091, 0, 0, 2, 1, 0, 0, 0),
(2, 0, 137094, 0, 0, 2, 1, 0, 0, 0),
(2, 0, 137096, 0, 0, 2, 1, 0, 0, 0),
(2, 0, 137097, 0, 0, 2, 1, 0, 0, 0),
(2, 0, 137098, 0, 0, 2, 1, 0, 0, 0),
(2, 0, 137099, 0, 0, 2, 1, 0, 0, 0),
(2, 0, 137100, 0, 0, 2, 1, 0, 0, 0),
(2, 0, 137101, 0, 0, 2, 1, 0, 0, 0),
(2, 0, 141353, 0, 0, 2, 1, 0, 0, 0),
(2, 0, 137041, 0, 0, 2, 1, 0, 0, 0),
(2, 0, 132357, 0, 0, 2, 1, 0, 0, 0),
(2, 0, 132441, 0, 0, 2, 1, 0, 0, 0),
(2, 0, 132442, 0, 0, 2, 1, 0, 0, 0),
(2, 0, 132443, 0, 0, 2, 1, 0, 0, 0),
(2, 0, 132444, 0, 0, 2, 1, 0, 0, 0),
(2, 0, 132445, 0, 0, 2, 1, 0, 0, 0),
(2, 0, 132447, 0, 0, 2, 1, 0, 0, 0),
(2, 0, 132448, 0, 0, 2, 1, 0, 0, 0),
(2, 0, 132449, 0, 0, 2, 1, 0, 0, 0),
(2, 0, 132450, 0, 0, 2, 1, 0, 0, 0),
(2, 0, 132451, 0, 0, 2, 1, 0, 0, 0),
(2, 0, 132452, 0, 0, 2, 1, 0, 0, 0),
(2, 0, 132453, 0, 0, 2, 1, 0, 0, 0),
(2, 0, 132454, 0, 0, 2, 1, 0, 0, 0),
(2, 0, 132455, 0, 0, 2, 1, 0, 0, 0),
(2, 0, 132456, 0, 0, 2, 1, 0, 0, 0),
(2, 0, 132457, 0, 0, 2, 1, 0, 0, 0),
(2, 0, 132458, 0, 0, 2, 1, 0, 0, 0),
(2, 0, 132437, 0, 0, 2, 1, 0, 0, 0),
(2, 0, 132436, 0, 0, 2, 1, 0, 0, 0),
(2, 0, 132413, 0, 0, 2, 1, 0, 0, 0),
(2, 0, 132365, 0, 0, 2, 1, 0, 0, 0),
(2, 0, 132366, 0, 0, 2, 1, 0, 0, 0),
(2, 0, 132367, 0, 0, 2, 1, 0, 0, 0),
(2, 0, 132369, 0, 0, 2, 1, 0, 0, 0),
(2, 0, 132374, 0, 0, 2, 1, 0, 0, 0),
(2, 0, 132375, 0, 0, 2, 1, 0, 0, 0),
(2, 0, 132376, 0, 0, 2, 1, 0, 0, 0),
(2, 0, 132378, 0, 0, 2, 1, 0, 0, 0),
(2, 0, 132379, 0, 0, 2, 1, 0, 0, 0),
(2, 0, 132381, 0, 0, 2, 1, 0, 0, 0),
(2, 0, 132393, 0, 0, 2, 1, 0, 0, 0),
(2, 0, 132394, 0, 0, 2, 1, 0, 0, 0),
(2, 0, 132406, 0, 0, 2, 1, 0, 0, 0),
(2, 0, 132407, 0, 0, 2, 1, 0, 0, 0),
(2, 0, 132409, 0, 0, 2, 1, 0, 0, 0),
(2, 0, 132410, 0, 0, 2, 1, 0, 0, 0),
(2, 0, 132411, 0, 0, 2, 1, 0, 0, 0),
(2, 0, 132459, 0, 0, 2, 1, 0, 0, 0),
(2, 0, 132460, 0, 0, 2, 1, 0, 0, 0),
(2, 0, 132461, 0, 0, 2, 1, 0, 0, 0),
(2, 0, 137023, 0, 0, 2, 1, 0, 0, 0),
(2, 0, 137024, 0, 0, 2, 1, 0, 0, 0),
(2, 0, 137025, 0, 0, 2, 1, 0, 0, 0),
(2, 0, 137026, 0, 0, 2, 1, 0, 0, 0),
(2, 0, 137027, 0, 0, 2, 1, 0, 0, 0),
(2, 0, 137028, 0, 0, 2, 1, 0, 0, 0),
(2, 0, 137029, 0, 0, 2, 1, 0, 0, 0),
(2, 0, 137030, 0, 0, 2, 1, 0, 0, 0),
(2, 0, 137031, 0, 0, 2, 1, 0, 0, 0),
(2, 0, 137032, 0, 0, 2, 1, 0, 0, 0),
(2, 0, 137033, 0, 0, 2, 1, 0, 0, 0),
(2, 0, 137034, 0, 0, 2, 1, 0, 0, 0),
(2, 0, 137035, 0, 0, 2, 1, 0, 0, 0),
(2, 0, 137036, 0, 0, 2, 1, 0, 0, 0),
(2, 0, 137037, 0, 0, 2, 1, 0, 0, 0),
(2, 0, 137038, 0, 0, 2, 1, 0, 0, 0),
(2, 0, 137039, 0, 0, 2, 1, 0, 0, 0),
(2, 0, 137022, 0, 0, 2, 1, 0, 0, 0),
(2, 0, 137021, 0, 0, 2, 1, 0, 0, 0),
(2, 0, 137020, 0, 0, 2, 1, 0, 0, 0),
(2, 0, 132466, 0, 0, 2, 1, 0, 0, 0),
(2, 0, 132861, 0, 0, 2, 1, 0, 0, 0),
(2, 0, 132863, 0, 0, 2, 1, 0, 0, 0),
(2, 0, 132864, 0, 0, 2, 1, 0, 0, 0),
(2, 0, 133800, 0, 0, 2, 1, 0, 0, 0),
(2, 0, 133970, 0, 0, 2, 1, 0, 0, 0),
(2, 0, 133971, 0, 0, 2, 1, 0, 0, 0),
(2, 0, 133973, 0, 0, 2, 1, 0, 0, 0),
(2, 0, 133974, 0, 0, 2, 1, 0, 0, 0),
(2, 0, 133976, 0, 0, 2, 1, 0, 0, 0),
(2, 0, 133977, 0, 0, 2, 1, 0, 0, 0),
(2, 0, 137014, 0, 0, 2, 1, 0, 0, 0),
(2, 0, 137015, 0, 0, 2, 1, 0, 0, 0),
(2, 0, 137016, 0, 0, 2, 1, 0, 0, 0),
(2, 0, 137017, 0, 0, 2, 1, 0, 0, 0),
(2, 0, 137018, 0, 0, 2, 1, 0, 0, 0),
(2, 0, 137019, 0, 0, 2, 1, 0, 0, 0),
(2, 0, 137040, 0, 0, 2, 1, 0, 0, 0),
-- class artifacts and sets
(7, 1, 127857, 0, 0, 2, 1, 0, 0, 19865), -- arcane artifact
(7, 2, 128820, 0, 0, 2, 1, 0, 0, 19865), -- fire artifact
(7, 3, 128862, 0, 0, 2, 1, 0, 0, 19865), -- frost artifact
(7, 0, 138309, 0, 0, 2, 1, 0, 0, 0),
(7, 0, 138312, 0, 0, 2, 1, 0, 0, 0),
(7, 0, 138315, 0, 0, 2, 1, 0, 0, 0),
(7, 0, 138318, 0, 0, 2, 1, 0, 0, 0),
(7, 0, 138321, 0, 0, 2, 1, 0, 0, 0),
(7, 0, 138365, 0, 0, 2, 1, 0, 0, 0),
(8, 1, 128861, 0, 0, 2, 1, 0, 0, 19865), -- beast mastery artifact
(8, 2, 128826, 0, 0, 2, 1, 0, 0, 19865), -- maksmanship artifact
(8, 3, 128808, 0, 0, 2, 1, 0, 0, 19865), -- survival artifact
(8, 0, 138339, 0, 0, 2, 1, 0, 0, 0),
(8, 0, 138340, 0, 0, 2, 1, 0, 0, 0),
(8, 0, 138342, 0, 0, 2, 1, 0, 0, 0),
(8, 0, 138344, 0, 0, 2, 1, 0, 0, 0),
(8, 0, 138347, 0, 0, 2, 1, 0, 0, 0),
(8, 0, 138368, 0, 0, 2, 1, 0, 0, 0),
(9, 1, 128910, 0, 0, 2, 1, 0, 0, 19865), -- arms artifact
(9, 2, 128908, 0, 0, 2, 1, 0, 0, 19865), -- fury artifact
(9, 3, 128289, 0, 0, 2, 1, 0, 0, 19865), -- protection artifact
(9, 0, 138351, 0, 0, 2, 1, 0, 0, 0),
(9, 0, 138354, 0, 0, 2, 1, 0, 0, 0),
(9, 0, 138357, 0, 0, 2, 1, 0, 0, 0),
(9, 0, 138360, 0, 0, 2, 1, 0, 0, 0),
(9, 0, 138363, 0, 0, 2, 1, 0, 0, 0),
(9, 0, 138374, 0, 0, 2, 1, 0, 0, 0),
(10, 1, 128941, 0, 0, 2, 1, 0, 0, 19865), -- destruction artifact
(10, 2, 128942, 0, 0, 2, 1, 0, 0, 19865), -- affliction artifact
(10, 3, 128943, 0, 0, 2, 1, 0, 0, 19865), -- demonology artifact
(10, 0, 138311, 0, 0, 2, 1, 0, 0, 0),
(10, 0, 138314, 0, 0, 2, 1, 0, 0, 0),
(10, 0, 138317, 0, 0, 2, 1, 0, 0, 0),
(10, 0, 138320, 0, 0, 2, 1, 0, 0, 0),
(10, 0, 138323, 0, 0, 2, 1, 0, 0, 0),
(10, 0, 138373, 0, 0, 2, 1, 0, 0, 0),
(11, 1, 128823, 0, 0, 2, 1, 0, 0, 19865), -- holy artifact
(11, 2, 128866, 0, 0, 2, 1, 0, 0, 19865), -- protection artifact
(11, 3, 120978, 0, 0, 2, 1, 0, 0, 19865), -- retribution artifact
(11, 0, 138350, 0, 0, 2, 1, 0, 0, 0),
(11, 0, 138353, 0, 0, 2, 1, 0, 0, 0),
(11, 0, 138356, 0, 0, 2, 1, 0, 0, 0),
(11, 0, 138359, 0, 0, 2, 1, 0, 0, 0),
(11, 0, 138362, 0, 0, 2, 1, 0, 0, 0),
(11, 0, 138369, 0, 0, 2, 1, 0, 0, 0),
(12, 1, 128870, 0, 0, 2, 1, 0, 0, 19865), -- assassination artifact
(12, 2, 128872, 0, 0, 2, 1, 0, 0, 19865), -- outlaw artifact
(12, 3, 128476, 0, 0, 2, 1, 0, 0, 19865), -- subtlety artifact
(12, 0, 138326, 0, 0, 2, 1, 0, 0, 0),
(12, 0, 138329, 0, 0, 2, 1, 0, 0, 0),
(12, 0, 138332, 0, 0, 2, 1, 0, 0, 0),
(12, 0, 138335, 0, 0, 2, 1, 0, 0, 0),
(12, 0, 138338, 0, 0, 2, 1, 0, 0, 0),
(12, 0, 138371, 0, 0, 2, 1, 0, 0, 0),
(13, 1, 128868, 0, 0, 2, 1, 0, 0, 19865), -- discipline artifact
(13, 2, 128825, 0, 0, 2, 1, 0, 0, 19865), -- holy artifact
(13, 3, 128827, 0, 0, 2, 1, 0, 0, 19865), -- shadow artifact
(13, 0, 138310, 0, 0, 2, 1, 0, 0, 0),
(13, 0, 138313, 0, 0, 2, 1, 0, 0, 0),
(13, 0, 138316, 0, 0, 2, 1, 0, 0, 0),
(13, 0, 138319, 0, 0, 2, 1, 0, 0, 0),
(13, 0, 138322, 0, 0, 2, 1, 0, 0, 0),
(13, 0, 138370, 0, 0, 2, 1, 0, 0, 0),
(14, 1, 128935, 0, 0, 2, 1, 0, 0, 19865), -- elemental artifact
(14, 2, 128819, 0, 0, 2, 1, 0, 0, 19865), -- enhancement artifact
(14, 3, 128911, 0, 0, 2, 1, 0, 0, 19865), -- restoration artifact
(14, 0, 138341, 0, 0, 2, 1, 0, 0, 0),
(14, 0, 138343, 0, 0, 2, 1, 0, 0, 0),
(14, 0, 138345, 0, 0, 2, 1, 0, 0, 0),
(14, 0, 138346, 0, 0, 2, 1, 0, 0, 0),
(14, 0, 138348, 0, 0, 2, 1, 0, 0, 0),
(14, 0, 138372, 0, 0, 2, 1, 0, 0, 0),
(15, 1, 128938, 0, 0, 2, 1, 0, 0, 19865), -- brewmaster artifact
(15, 2, 128937, 0, 0, 2, 1, 0, 0, 19865), -- mistweaver artifact
(15, 3, 128940, 0, 0, 2, 1, 0, 0, 19865), -- windwalker artifact
(15, 0, 138325, 0, 0, 2, 1, 0, 0, 0),
(15, 0, 138328, 0, 0, 2, 1, 0, 0, 0),
(15, 0, 138331, 0, 0, 2, 1, 0, 0, 0),
(15, 0, 138334, 0, 0, 2, 1, 0, 0, 0),
(15, 0, 138337, 0, 0, 2, 1, 0, 0, 0),
(15, 0, 138367, 0, 0, 2, 1, 0, 0, 0),
(16, 1, 128858, 0, 0, 2, 1, 0, 0, 19865), -- balance artifact
(16, 2, 128860, 0, 0, 2, 1, 0, 0, 19865), -- feral artifact
(16, 3, 128821, 0, 0, 2, 1, 0, 0, 19865), -- guarian artifact
(16, 4, 128306, 0, 0, 2, 1, 0, 0, 19865), -- restoration artifact
(16, 0, 138324, 0, 0, 2, 1, 0, 0, 0),
(16, 0, 138327, 0, 0, 2, 1, 0, 0, 0),
(16, 0, 138330, 0, 0, 2, 1, 0, 0, 0),
(16, 0, 138333, 0, 0, 2, 1, 0, 0, 0),
(16, 0, 138336, 0, 0, 2, 1, 0, 0, 0),
(16, 0, 138366, 0, 0, 2, 1, 0, 0, 0),
(17, 1, 127829, 0, 0, 2, 1, 0, 0, 19865), -- havoc artifact
(17, 2, 128832, 0, 0, 2, 1, 0, 0, 19865), -- vengeance artifact
(17, 0, 138375, 0, 0, 2, 1, 0, 0, 0),
(17, 0, 138376, 0, 0, 2, 1, 0, 0, 0),
(17, 0, 138377, 0, 0, 2, 1, 0, 0, 0),
(17, 0, 138378, 0, 0, 2, 1, 0, 0, 0),
(17, 0, 138379, 0, 0, 2, 1, 0, 0, 0),
(17, 0, 138380, 0, 0, 2, 1, 0, 0, 0),
(18, 1, 128402, 0, 0, 2, 1, 0, 0, 19865), -- blood artifact
(18, 2, 128292, 0, 0, 2, 1, 0, 0, 19865), -- frost artifact
(18, 3, 128403, 0, 0, 2, 1, 0, 0, 19865), -- unholy artifact
(18, 0, 138349, 0, 0, 2, 1, 0, 0, 0),
(18, 0, 138352, 0, 0, 2, 1, 0, 0, 0),
(18, 0, 138355, 0, 0, 2, 1, 0, 0, 0),
(18, 0, 138358, 0, 0, 2, 1, 0, 0, 0),
(18, 0, 138361, 0, 0, 2, 1, 0, 0, 0),
(18, 0, 138364, 0, 0, 2, 1, 0, 0, 0),
(24, 1, 32458, 0, 0, 2, 1, 0, 0, 19865), -- ashes of Al'ar
(24, 2, 50818, 0, 0, 2, 1, 0, 0, 19865); -- invincible

DELETE FROM `npc_trainer` WHERE ID=24;
INSERT INTO `npc_trainer` (`ID`, `SpellID`, `MoneyCost`, `ReqSkillLine`, `ReqSkillRank`, `ReqLevel`) VALUES
-- add fly training to trainer
(24, -202012, 0, 0, 0, 0);

-- set start zone of all races and classes, GM Island
UPDATE `playercreateinfo` SET map=1,zone=876,position_x=16228.56,position_y=16306.34,position_z=29.27,orientation=0.06282;

DELETE FROM `playercreateinfo_item` WHERE class=0;
-- new character have these items
INSERT INTO `playercreateinfo_item` (`race`, `class`, `itemid`, `amount`) VALUES
(0, 0, 138300, 1), -- 34 slot bag
(0, 0, 114821, 2), -- 30 slot bag
(0, 0, 51809, 1), -- 24 slot bag
(0, 0, 43599, 1); -- blizzard bear

/*
-- set npcs
INSERT INTO `creature` (`guid`, `id`, `map`, `zoneId`, `areaId`, `spawnMask`, `PhaseId`, `PhaseGroup`, `modelid`, `equipment_id`, `position_x`, `position_y`, `position_z`, `orientation`, `spawntimesecs`, `spawndist`, `currentwaypoint`, `curhealth`, `curmana`, `MovementType`, `npcflag`, `unit_flags`, `dynamicflags`, `VerifiedBuild`) VALUES
(, 7, 1, 0, 0, 1, 0, 0, 0, 0, -6183.66, -3902.13, 4.19402, 2.4221, 300, 0, 0, 164, 0, 0, 0, 0, 0, 0),
(, 24, 1, 0, 0, 1, 0, 0, 0, 0, -6181.24, -3899.83, 4.19402, 2.4221, 300, 0, 0, 164, 0, 0, 0, 0, 0, 0);
*/

USE auth;
UPDATE `realmlist` SET `name`="Dotcra" WHERE `id`=1;
