-- MySQL dump 10.17  Distrib 10.3.15-MariaDB, for debian-linux-gnu (x86_64)
--
-- Host: localhost    Database: gr
-- ------------------------------------------------------
-- Server version	10.3.15-MariaDB-1

/*!40101 SET @OLD_CHARACTER_SET_CLIENT=@@CHARACTER_SET_CLIENT */;
/*!40101 SET @OLD_CHARACTER_SET_RESULTS=@@CHARACTER_SET_RESULTS */;
/*!40101 SET @OLD_COLLATION_CONNECTION=@@COLLATION_CONNECTION */;
/*!40101 SET NAMES utf8mb4 */;
/*!40103 SET @OLD_TIME_ZONE=@@TIME_ZONE */;
/*!40103 SET TIME_ZONE='+00:00' */;
/*!40014 SET @OLD_UNIQUE_CHECKS=@@UNIQUE_CHECKS, UNIQUE_CHECKS=0 */;
/*!40014 SET @OLD_FOREIGN_KEY_CHECKS=@@FOREIGN_KEY_CHECKS, FOREIGN_KEY_CHECKS=0 */;
/*!40101 SET @OLD_SQL_MODE=@@SQL_MODE, SQL_MODE='NO_AUTO_VALUE_ON_ZERO' */;
/*!40111 SET @OLD_SQL_NOTES=@@SQL_NOTES, SQL_NOTES=0 */;

--
-- Table structure for table `pc`
--

DROP TABLE IF EXISTS `pc`;
/*!40101 SET @saved_cs_client     = @@character_set_client */;
/*!40101 SET character_set_client = utf8 */;
CREATE TABLE `pc` (
  `id` int(11) NOT NULL AUTO_INCREMENT,
  `ip` varchar(17) DEFAULT NULL,
  `hostname` varchar(20) DEFAULT NULL,
  `sid` varchar(3) DEFAULT NULL,
  `label` enum('A','B','C','D','E') DEFAULT NULL,
  PRIMARY KEY (`id`),
  UNIQUE KEY `ip` (`ip`)
) ENGINE=InnoDB AUTO_INCREMENT=293 DEFAULT CHARSET=utf8mb4;
/*!40101 SET character_set_client = @saved_cs_client */;

--
-- Dumping data for table `pc`
--

LOCK TABLES `pc` WRITE;
/*!40000 ALTER TABLE `pc` DISABLE KEYS */;
INSERT INTO `pc` VALUES (1,'192.168.96.101',NULL,'001','A');
INSERT INTO `pc` VALUES (2,'192.168.96.2',NULL,'002','A');
INSERT INTO `pc` VALUES (3,'192.168.105.3',NULL,'003','A');
INSERT INTO `pc` VALUES (4,'192.168.105.4',NULL,'004','A');
INSERT INTO `pc` VALUES (5,'192.168.96.5',NULL,'005','A');
INSERT INTO `pc` VALUES (6,'192.168.96.6',NULL,'006','A');
INSERT INTO `pc` VALUES (7,'192.168.96.7',NULL,'007','A');
INSERT INTO `pc` VALUES (8,'192.168.96.8',NULL,'008','A');
INSERT INTO `pc` VALUES (9,'192.168.96.9',NULL,'009','A');
INSERT INTO `pc` VALUES (10,'192.168.96.10',NULL,'010','A');
INSERT INTO `pc` VALUES (11,'192.168.96.11',NULL,'011','A');
INSERT INTO `pc` VALUES (12,'192.168.96.12',NULL,'012','A');
INSERT INTO `pc` VALUES (13,'192.168.96.213',NULL,'013','A');
INSERT INTO `pc` VALUES (14,'192.168.96.214',NULL,'014','A');
INSERT INTO `pc` VALUES (15,'192.168.96.115',NULL,'015','A');
INSERT INTO `pc` VALUES (16,'192.168.96.16',NULL,'016','A');
INSERT INTO `pc` VALUES (17,'192.168.96.17',NULL,'017','A');
INSERT INTO `pc` VALUES (18,'192.168.9.18',NULL,'018','A');
INSERT INTO `pc` VALUES (19,'192.168.105.19',NULL,'019','A');
INSERT INTO `pc` VALUES (20,'192.168.105.20',NULL,'020','A');
INSERT INTO `pc` VALUES (21,'192.168.96.21',NULL,'021','A');
INSERT INTO `pc` VALUES (22,'192.168.96.22',NULL,'022','A');
INSERT INTO `pc` VALUES (23,'192.168.96.23',NULL,'023','A');
INSERT INTO `pc` VALUES (24,'192.168.105.24',NULL,'024','A');
INSERT INTO `pc` VALUES (25,'192.168.9.25',NULL,'025','A');
INSERT INTO `pc` VALUES (26,'192.168.96.26',NULL,'026','A');
INSERT INTO `pc` VALUES (27,'192.168.96.27',NULL,'027','A');
INSERT INTO `pc` VALUES (28,'192.168.96.28',NULL,'028','A');
INSERT INTO `pc` VALUES (29,'192.168.96.30',NULL,'030','A');
INSERT INTO `pc` VALUES (30,'192.168.9.31',NULL,'031','A');
INSERT INTO `pc` VALUES (31,'192.168.96.32',NULL,'032','A');
INSERT INTO `pc` VALUES (32,'192.168.105.233',NULL,'033','A');
INSERT INTO `pc` VALUES (33,'192.168.9.34',NULL,'034','A');
INSERT INTO `pc` VALUES (34,'192.168.96.35',NULL,'035','A');
INSERT INTO `pc` VALUES (35,'192.168.96.36',NULL,'036','A');
INSERT INTO `pc` VALUES (36,'192.168.9.37',NULL,'037','A');
INSERT INTO `pc` VALUES (37,'192.168.9.38',NULL,'038','A');
INSERT INTO `pc` VALUES (38,'192.168.105.39',NULL,'039','A');
INSERT INTO `pc` VALUES (39,'192.168.96.41',NULL,'041','A');
INSERT INTO `pc` VALUES (40,'192.168.105.43',NULL,'043','A');
INSERT INTO `pc` VALUES (41,'192.168.10.146',NULL,'044','A');
INSERT INTO `pc` VALUES (42,'192.168.9.45',NULL,'045','A');
INSERT INTO `pc` VALUES (43,'192.168.9.46',NULL,'046','A');
INSERT INTO `pc` VALUES (44,'192.168.9.47',NULL,'047','A');
INSERT INTO `pc` VALUES (45,'192.168.96.148',NULL,'048','A');
INSERT INTO `pc` VALUES (46,'192.168.112.49',NULL,'049','A');
INSERT INTO `pc` VALUES (47,'192.168.96.50',NULL,'050','A');
INSERT INTO `pc` VALUES (48,'192.168.105.51',NULL,'051','A');
INSERT INTO `pc` VALUES (49,'192.168.105.52',NULL,'052','A');
INSERT INTO `pc` VALUES (50,'192.168.112.53',NULL,'053','A');
INSERT INTO `pc` VALUES (51,'192.168.105.54',NULL,'054','A');
INSERT INTO `pc` VALUES (52,'192.168.96.55',NULL,'055','A');
INSERT INTO `pc` VALUES (53,'192.168.9.56',NULL,'056','A');
INSERT INTO `pc` VALUES (54,'192.168.105.57',NULL,'057','A');
INSERT INTO `pc` VALUES (55,'192.168.105.58',NULL,'058','A');
INSERT INTO `pc` VALUES (56,'192.168.112.59',NULL,'059','A');
INSERT INTO `pc` VALUES (57,'192.168.105.60',NULL,'060','A');
INSERT INTO `pc` VALUES (58,'192.168.105.61',NULL,'061','A');
INSERT INTO `pc` VALUES (59,'192.168.10.152',NULL,'063','A');
INSERT INTO `pc` VALUES (60,'192.168.105.64',NULL,'064','A');
INSERT INTO `pc` VALUES (61,'192.168.96.65',NULL,'065','A');
INSERT INTO `pc` VALUES (62,'192.168.96.66',NULL,'066','A');
INSERT INTO `pc` VALUES (63,'192.168.105.67',NULL,'067','A');
INSERT INTO `pc` VALUES (64,'192.168.96.68',NULL,'068','A');
INSERT INTO `pc` VALUES (65,'192.168.105.69',NULL,'069','A');
INSERT INTO `pc` VALUES (66,'192.168.112.71',NULL,'070','A');
INSERT INTO `pc` VALUES (67,'192.168.96.71',NULL,'071','A');
INSERT INTO `pc` VALUES (68,'192.168.105.72',NULL,'072','A');
INSERT INTO `pc` VALUES (69,'192.168.105.73',NULL,'073','A');
INSERT INTO `pc` VALUES (70,'192.168.105.74',NULL,'074','A');
INSERT INTO `pc` VALUES (71,'192.168.9.75',NULL,'075','A');
INSERT INTO `pc` VALUES (72,'192.168.96.76',NULL,'076','A');
INSERT INTO `pc` VALUES (73,'192.168.96.77',NULL,'077','A');
INSERT INTO `pc` VALUES (74,'192.168.112.78',NULL,'078','A');
INSERT INTO `pc` VALUES (75,'192.168.96.79',NULL,'079','A');
INSERT INTO `pc` VALUES (76,'192.168.96.80',NULL,'080','A');
INSERT INTO `pc` VALUES (77,'192.168.112.81',NULL,'081','A');
INSERT INTO `pc` VALUES (78,'192.168.105.82',NULL,'082','A');
INSERT INTO `pc` VALUES (79,'192.168.96.83',NULL,'083','A');
INSERT INTO `pc` VALUES (80,'192.168.96.84',NULL,'084','A');
INSERT INTO `pc` VALUES (81,'192.168.9.85',NULL,'085','A');
INSERT INTO `pc` VALUES (82,'192.168.96.86',NULL,'086','A');
INSERT INTO `pc` VALUES (83,'192.168.96.87',NULL,'087','A');
INSERT INTO `pc` VALUES (84,'192.168.105.88',NULL,'088','A');
INSERT INTO `pc` VALUES (85,'192.168.105.89',NULL,'089','A');
INSERT INTO `pc` VALUES (86,'192.168.112.90',NULL,'090','A');
INSERT INTO `pc` VALUES (87,'192.168.112.91',NULL,'091','A');
INSERT INTO `pc` VALUES (88,'192.168.112.92',NULL,'092','A');
INSERT INTO `pc` VALUES (89,'192.168.112.93',NULL,'093','A');
INSERT INTO `pc` VALUES (90,'192.168.112.94',NULL,'094','A');
INSERT INTO `pc` VALUES (91,'192.168.112.95',NULL,'095','A');
INSERT INTO `pc` VALUES (92,'192.168.112.96',NULL,'096','A');
INSERT INTO `pc` VALUES (93,'192.168.112.97',NULL,'097','A');
INSERT INTO `pc` VALUES (94,'192.168.112.98',NULL,'098','A');
INSERT INTO `pc` VALUES (95,'192.168.112.99',NULL,'099','A');
INSERT INTO `pc` VALUES (96,'192.168.112.100',NULL,'100','A');
INSERT INTO `pc` VALUES (97,'192.168.112.2',NULL,'102','A');
INSERT INTO `pc` VALUES (98,'192.168.112.3',NULL,'103','A');
INSERT INTO `pc` VALUES (99,'192.168.112.5',NULL,'105','A');
INSERT INTO `pc` VALUES (100,'192.168.112.6',NULL,'106','A');
INSERT INTO `pc` VALUES (101,'192.168.112.7',NULL,'107','A');
INSERT INTO `pc` VALUES (102,'192.168.112.8',NULL,'108','A');
INSERT INTO `pc` VALUES (103,'192.168.112.9',NULL,'109','A');
INSERT INTO `pc` VALUES (104,'192.168.96.110',NULL,'110','A');
INSERT INTO `pc` VALUES (105,'192.168.105.11',NULL,'111','A');
INSERT INTO `pc` VALUES (106,'192.168.96.212',NULL,'112','A');
INSERT INTO `pc` VALUES (107,'192.168.96.13',NULL,'113','A');
INSERT INTO `pc` VALUES (108,'192.168.112.14',NULL,'114','A');
INSERT INTO `pc` VALUES (109,'192.168.112.15',NULL,'115','A');
INSERT INTO `pc` VALUES (110,'192.168.112.16',NULL,'116','A');
INSERT INTO `pc` VALUES (111,'192.168.112.17',NULL,'117','A');
INSERT INTO `pc` VALUES (112,'192.168.96.46',NULL,'118','A');
INSERT INTO `pc` VALUES (113,'192.168.11.19',NULL,'119','A');
INSERT INTO `pc` VALUES (114,'192.168.105.21',NULL,'120','A');
INSERT INTO `pc` VALUES (115,'192.168.11.21',NULL,'121','A');
INSERT INTO `pc` VALUES (116,'192.168.11.22',NULL,'122','A');
INSERT INTO `pc` VALUES (117,'192.168.105.23',NULL,'123','A');
INSERT INTO `pc` VALUES (118,'192.168.105.224',NULL,'124','A');
INSERT INTO `pc` VALUES (119,'192.168.105.125',NULL,'125','A');
INSERT INTO `pc` VALUES (120,'192.168.112.27',NULL,'127','A');
INSERT INTO `pc` VALUES (121,'192.168.105.28',NULL,'128','A');
INSERT INTO `pc` VALUES (122,'192.168.96.229',NULL,'129','A');
INSERT INTO `pc` VALUES (123,'192.168.96.51',NULL,'130','A');
INSERT INTO `pc` VALUES (124,'192.168.112.31',NULL,'131','A');
INSERT INTO `pc` VALUES (125,'192.168.105.132',NULL,'132','A');
INSERT INTO `pc` VALUES (126,'192.168.96.134',NULL,'133','A');
INSERT INTO `pc` VALUES (127,'192.168.112.33',NULL,'134','A');
INSERT INTO `pc` VALUES (128,'192.168.96.135',NULL,'135','A');
INSERT INTO `pc` VALUES (129,'192.168.96.236',NULL,'136','A');
INSERT INTO `pc` VALUES (130,'192.168.10.37',NULL,'137','A');
INSERT INTO `pc` VALUES (131,'192.168.96.138',NULL,'138','A');
INSERT INTO `pc` VALUES (132,'192.168.96.139',NULL,'139','A');
INSERT INTO `pc` VALUES (133,'192.168.96.240',NULL,'140','A');
INSERT INTO `pc` VALUES (134,'192.168.112.141',NULL,'141','A');
INSERT INTO `pc` VALUES (135,'192.168.112.72',NULL,'142','A');
INSERT INTO `pc` VALUES (136,'192.168.96.243',NULL,'143','A');
INSERT INTO `pc` VALUES (137,'192.168.105.144',NULL,'144','A');
INSERT INTO `pc` VALUES (138,'192.168.96.145',NULL,'145','A');
INSERT INTO `pc` VALUES (139,'192.168.11.46',NULL,'146','A');
INSERT INTO `pc` VALUES (140,'192.168.10.47',NULL,'147','A');
INSERT INTO `pc` VALUES (141,'192.168.112.148',NULL,'148','A');
INSERT INTO `pc` VALUES (142,'192.168.105.84',NULL,'149','A');
INSERT INTO `pc` VALUES (143,'192.168.96.100',NULL,'150','A');
INSERT INTO `pc` VALUES (144,'192.168.112.151',NULL,'151','A');
INSERT INTO `pc` VALUES (145,'192.168.11.52',NULL,'152','A');
INSERT INTO `pc` VALUES (146,'192.168.105.153',NULL,'153','A');
INSERT INTO `pc` VALUES (147,'192.168.96.154',NULL,'154','A');
INSERT INTO `pc` VALUES (148,'192.168.96.120',NULL,'155','A');
INSERT INTO `pc` VALUES (149,'192.168.105.126',NULL,'157','A');
INSERT INTO `pc` VALUES (150,'192.168.105.158',NULL,'158','A');
INSERT INTO `pc` VALUES (151,'192.168.96.159',NULL,'159','A');
INSERT INTO `pc` VALUES (152,'192.168.96.160',NULL,'160','A');
INSERT INTO `pc` VALUES (153,'192.168.96.161',NULL,'161','A');
INSERT INTO `pc` VALUES (154,'192.168.96.162',NULL,'162','A');
INSERT INTO `pc` VALUES (155,'192.168.96.163',NULL,'163','A');
INSERT INTO `pc` VALUES (156,'192.168.96.103',NULL,'001','B');
INSERT INTO `pc` VALUES (157,'192.168.96.102',NULL,'002','B');
INSERT INTO `pc` VALUES (158,'192.168.105.103',NULL,'003','B');
INSERT INTO `pc` VALUES (159,'192.168.105.104',NULL,'004','B');
INSERT INTO `pc` VALUES (160,'192.168.96.105',NULL,'005','B');
INSERT INTO `pc` VALUES (161,'192.168.96.106',NULL,'006','B');
INSERT INTO `pc` VALUES (162,'192.168.96.107',NULL,'007','B');
INSERT INTO `pc` VALUES (163,'192.168.96.108',NULL,'008','B');
INSERT INTO `pc` VALUES (164,'192.168.96.109',NULL,'009','B');
INSERT INTO `pc` VALUES (165,'192.168.96.111',NULL,'010','B');
INSERT INTO `pc` VALUES (166,'192.168.96.211',NULL,'011','B');
INSERT INTO `pc` VALUES (167,'192.168.96.112',NULL,'012','B');
INSERT INTO `pc` VALUES (168,'192.168.96.113',NULL,'013','B');
INSERT INTO `pc` VALUES (169,'192.168.96.114',NULL,'014','B');
INSERT INTO `pc` VALUES (170,'192.168.96.215',NULL,'015','A');
INSERT INTO `pc` VALUES (171,'192.168.96.116',NULL,'016','B');
INSERT INTO `pc` VALUES (172,'192.168.96.117',NULL,'017','B');
INSERT INTO `pc` VALUES (173,'192.168.9.218',NULL,'018','B');
INSERT INTO `pc` VALUES (174,'192.168.105.119',NULL,'019','B');
INSERT INTO `pc` VALUES (175,'192.168.105.120',NULL,'020','B');
INSERT INTO `pc` VALUES (176,'192.168.96.121',NULL,'021','B');
INSERT INTO `pc` VALUES (177,'192.168.96.122',NULL,'022','B');
INSERT INTO `pc` VALUES (178,'192.168.96.123',NULL,'023','B');
INSERT INTO `pc` VALUES (179,'192.168.105.124',NULL,'024','B');
INSERT INTO `pc` VALUES (180,'192.168.9.125',NULL,'025','B');
INSERT INTO `pc` VALUES (181,'192.168.96.126',NULL,'026','B');
INSERT INTO `pc` VALUES (182,'192.168.96.127',NULL,'027','B');
INSERT INTO `pc` VALUES (183,'192.168.96.228',NULL,'028','B');
INSERT INTO `pc` VALUES (184,'192.168.96.130',NULL,'030','B');
INSERT INTO `pc` VALUES (185,'192.168.9.131',NULL,'031','B');
INSERT INTO `pc` VALUES (186,'192.168.96.232',NULL,'032','B');
INSERT INTO `pc` VALUES (187,'192.168.105.133',NULL,'033','B');
INSERT INTO `pc` VALUES (188,'192.168.9.134',NULL,'034','B');
INSERT INTO `pc` VALUES (189,'192.168.96.136',NULL,'036','B');
INSERT INTO `pc` VALUES (190,'192.168.96.137',NULL,'037','B');
INSERT INTO `pc` VALUES (191,'192.168.9.138',NULL,'038','B');
INSERT INTO `pc` VALUES (192,'192.168.9.139',NULL,'039','B');
INSERT INTO `pc` VALUES (193,'192.168.96.141',NULL,'041','A');
INSERT INTO `pc` VALUES (194,'192.168.105.143',NULL,'043','B');
INSERT INTO `pc` VALUES (195,'192.168.10.147',NULL,'044','B');
INSERT INTO `pc` VALUES (196,'192.168.11.210',NULL,'045','B');
INSERT INTO `pc` VALUES (197,'192.168.9.146',NULL,'046','B');
INSERT INTO `pc` VALUES (198,'192.168.9.147',NULL,'047','B');
INSERT INTO `pc` VALUES (199,'192.168.112.149',NULL,'049','B');
INSERT INTO `pc` VALUES (200,'192.168.96.150',NULL,'050','B');
INSERT INTO `pc` VALUES (201,'192.168.105.151',NULL,'051','B');
INSERT INTO `pc` VALUES (202,'192.168.105.152',NULL,'052','B');
INSERT INTO `pc` VALUES (203,'192.168.112.153',NULL,'053','B');
INSERT INTO `pc` VALUES (204,'192.168.96.155',NULL,'055','B');
INSERT INTO `pc` VALUES (205,'192.168.9.156',NULL,'056','B');
INSERT INTO `pc` VALUES (206,'192.168.105.168',NULL,'058','B');
INSERT INTO `pc` VALUES (207,'192.168.112.244',NULL,'059','B');
INSERT INTO `pc` VALUES (208,'192.168.105.160',NULL,'060','B');
INSERT INTO `pc` VALUES (209,'192.168.105.251',NULL,'061','B');
INSERT INTO `pc` VALUES (210,'192.168.10.153',NULL,'063','B');
INSERT INTO `pc` VALUES (211,'192.168.105.164',NULL,'064','B');
INSERT INTO `pc` VALUES (212,'192.168.96.165',NULL,'065','B');
INSERT INTO `pc` VALUES (213,'192.168.96.166',NULL,'066','B');
INSERT INTO `pc` VALUES (214,'192.168.105.167',NULL,'067','B');
INSERT INTO `pc` VALUES (215,'192.168.96.168',NULL,'068','B');
INSERT INTO `pc` VALUES (216,'192.168.105.169',NULL,'069','B');
INSERT INTO `pc` VALUES (217,'192.168.112.246',NULL,'070','B');
INSERT INTO `pc` VALUES (218,'192.168.96.171',NULL,'071','B');
INSERT INTO `pc` VALUES (219,'192.168.105.173',NULL,'073','B');
INSERT INTO `pc` VALUES (220,'192.168.105.174',NULL,'074','B');
INSERT INTO `pc` VALUES (221,'192.168.9.175',NULL,'075','B');
INSERT INTO `pc` VALUES (222,'192.168.96.176',NULL,'076','B');
INSERT INTO `pc` VALUES (223,'192.168.96.177',NULL,'077','B');
INSERT INTO `pc` VALUES (224,'192.168.112.178',NULL,'078','B');
INSERT INTO `pc` VALUES (225,'192.168.96.179',NULL,'079','B');
INSERT INTO `pc` VALUES (226,'192.168.96.180',NULL,'080','B');
INSERT INTO `pc` VALUES (227,'192.168.112.181',NULL,'081','B');
INSERT INTO `pc` VALUES (228,'192.168.105.182',NULL,'082','B');
INSERT INTO `pc` VALUES (229,'192.168.96.183',NULL,'083','B');
INSERT INTO `pc` VALUES (230,'192.168.96.184',NULL,'084','B');
INSERT INTO `pc` VALUES (231,'192.168.9.185',NULL,'085','B');
INSERT INTO `pc` VALUES (232,'192.168.96.186',NULL,'086','B');
INSERT INTO `pc` VALUES (233,'192.168.96.187',NULL,'087','B');
INSERT INTO `pc` VALUES (234,'192.168.105.188',NULL,'088','B');
INSERT INTO `pc` VALUES (235,'192.168.105.189',NULL,'089','B');
INSERT INTO `pc` VALUES (236,'192.168.112.190',NULL,'090','B');
INSERT INTO `pc` VALUES (237,'192.168.112.247',NULL,'091','B');
INSERT INTO `pc` VALUES (238,'192.168.112.192',NULL,'092','B');
INSERT INTO `pc` VALUES (239,'192.168.112.193',NULL,'093','B');
INSERT INTO `pc` VALUES (240,'192.168.112.249',NULL,'094','B');
INSERT INTO `pc` VALUES (241,'192.168.112.245',NULL,'096','B');
INSERT INTO `pc` VALUES (242,'192.168.112.197',NULL,'097','B');
INSERT INTO `pc` VALUES (243,'192.168.112.198',NULL,'098','B');
INSERT INTO `pc` VALUES (244,'192.168.112.199',NULL,'099','B');
INSERT INTO `pc` VALUES (245,'192.168.112.200',NULL,'100','B');
INSERT INTO `pc` VALUES (246,'192.168.112.102',NULL,'102','B');
INSERT INTO `pc` VALUES (247,'192.168.112.243',NULL,'103','B');
INSERT INTO `pc` VALUES (248,'192.168.112.105',NULL,'105','B');
INSERT INTO `pc` VALUES (249,'192.168.112.106',NULL,'106','B');
INSERT INTO `pc` VALUES (250,'192.168.112.107',NULL,'107','B');
INSERT INTO `pc` VALUES (251,'192.168.112.108',NULL,'108','B');
INSERT INTO `pc` VALUES (252,'192.168.112.109',NULL,'109','B');
INSERT INTO `pc` VALUES (253,'192.168.96.210',NULL,'110','B');
INSERT INTO `pc` VALUES (254,'192.168.105.111',NULL,'111','B');
INSERT INTO `pc` VALUES (255,'192.168.96.14',NULL,'113','B');
INSERT INTO `pc` VALUES (256,'192.168.112.115',NULL,'115','B');
INSERT INTO `pc` VALUES (257,'192.168.96.146',NULL,'118','B');
INSERT INTO `pc` VALUES (258,'192.168.105.223',NULL,'123','B');
INSERT INTO `pc` VALUES (259,'192.168.112.127',NULL,'127','B');
INSERT INTO `pc` VALUES (260,'192.168.96.151',NULL,'130','B');
INSERT INTO `pc` VALUES (261,'192.168.112.131',NULL,'131','B');
INSERT INTO `pc` VALUES (262,'192.168.112.41',NULL,'141','B');
INSERT INTO `pc` VALUES (263,'192.168.112.172',NULL,'142','B');
INSERT INTO `pc` VALUES (264,'192.168.96.143',NULL,'143','B');
INSERT INTO `pc` VALUES (265,'192.168.105.184',NULL,'149','B');
INSERT INTO `pc` VALUES (266,'192.168.96.99',NULL,'150','B');
INSERT INTO `pc` VALUES (267,'192.168.96.45',NULL,'002','C');
INSERT INTO `pc` VALUES (268,'192.168.105.203',NULL,'003','C');
INSERT INTO `pc` VALUES (269,'192.168.96.205',NULL,'005','C');
INSERT INTO `pc` VALUES (270,'192.168.96.208',NULL,'008','C');
INSERT INTO `pc` VALUES (271,'192.168.96.233',NULL,'013','C');
INSERT INTO `pc` VALUES (272,'192.168.97.127',NULL,'015','B');
INSERT INTO `pc` VALUES (273,'192.168.96.217',NULL,'017','C');
INSERT INTO `pc` VALUES (274,'192.168.9.251',NULL,'018','C');
INSERT INTO `pc` VALUES (275,'192.168.96.226',NULL,'026','C');
INSERT INTO `pc` VALUES (276,'192.168.96.128',NULL,'028','C');
INSERT INTO `pc` VALUES (277,'192.168.96.241',NULL,'041','B');
INSERT INTO `pc` VALUES (278,'192.168.9.11.212',NULL,'046','C');
INSERT INTO `pc` VALUES (279,'192.168.9.11.211',NULL,'047','C');
INSERT INTO `pc` VALUES (280,'192.168.112.159',NULL,'059','C');
INSERT INTO `pc` VALUES (281,'192.168.105.161',NULL,'061','C');
INSERT INTO `pc` VALUES (282,'192.168.112.170',NULL,'070','C');
INSERT INTO `pc` VALUES (283,'192.168.112.248',NULL,'091','C');
INSERT INTO `pc` VALUES (284,'192.168.112.194',NULL,'094','C');
INSERT INTO `pc` VALUES (285,'192.168.112.196',NULL,'096','C');
INSERT INTO `pc` VALUES (286,'192.168.112.103',NULL,'103','C');
INSERT INTO `pc` VALUES (287,'192.168.105.93',NULL,'003','D');
INSERT INTO `pc` VALUES (288,'192.168.96.167',NULL,'015','C');
INSERT INTO `pc` VALUES (289,'192.168.97.64',NULL,'164','A');
INSERT INTO `pc` VALUES (290,'192.168.97.164',NULL,'164','B');
INSERT INTO `pc` VALUES (291,'192.168.96.248',NULL,'017','A');
INSERT INTO `pc` VALUES (292,'192.168.112.189',NULL,'091','A');
/*!40000 ALTER TABLE `pc` ENABLE KEYS */;
UNLOCK TABLES;

--
-- Table structure for table `shop`
--

DROP TABLE IF EXISTS `shop`;
/*!40101 SET @saved_cs_client     = @@character_set_client */;
/*!40101 SET character_set_client = utf8 */;
CREATE TABLE `shop` (
  `id` int(11) NOT NULL AUTO_INCREMENT,
  `sname` varchar(30) DEFAULT NULL,
  `sid` varchar(3) DEFAULT NULL,
  `pinyin` varchar(20) DEFAULT NULL,
  `acronym` varchar(20) DEFAULT NULL,
  `rcb` varchar(20) DEFAULT NULL,
  `ccb` varchar(20) DEFAULT NULL,
  `zid` int(11) DEFAULT NULL,
  PRIMARY KEY (`id`)
) ENGINE=InnoDB AUTO_INCREMENT=165 DEFAULT CHARSET=utf8mb4;
/*!40101 SET character_set_client = @saved_cs_client */;

--
-- Dumping data for table `shop`
--

LOCK TABLES `shop` WRITE;
/*!40000 ALTER TABLE `shop` DISABLE KEYS */;
INSERT INTO `shop` VALUES (1,'五堰医药商场','001',NULL,NULL,'GA001429',NULL,NULL);
INSERT INTO `shop` VALUES (2,'大岭路大药房','002',NULL,NULL,'GA001430',NULL,4);
INSERT INTO `shop` VALUES (3,'郧阳区广场大药房','003',NULL,NULL,'GA001431',NULL,5);
INSERT INTO `shop` VALUES (4,'武阳岭','004',NULL,NULL,'GA001432',NULL,5);
INSERT INTO `shop` VALUES (5,'田沟大药房','005',NULL,NULL,'GA001433',NULL,1);
INSERT INTO `shop` VALUES (6,'东岳大药房','006',NULL,NULL,'GA001434',NULL,4);
INSERT INTO `shop` VALUES (7,'四九大药房','007',NULL,NULL,'GA001435',NULL,4);
INSERT INTO `shop` VALUES (8,'三堰大药房','008',NULL,NULL,'GA001436',NULL,2);
INSERT INTO `shop` VALUES (9,'白浪大药房','009',NULL,NULL,'GA001437',NULL,2);
INSERT INTO `shop` VALUES (10,'银河小区大药房','010',NULL,NULL,'GA001438',NULL,3);
INSERT INTO `shop` VALUES (11,'轮胎厂大药房','011',NULL,NULL,'GA001439',NULL,3);
INSERT INTO `shop` VALUES (12,'擂鼓台大药房','012',NULL,NULL,'GA001440',NULL,2);
INSERT INTO `shop` VALUES (13,'车城路大药房','013',NULL,NULL,'GA001441',NULL,4);
INSERT INTO `shop` VALUES (14,'朝阳路大药房','014',NULL,NULL,'GA001442',NULL,3);
INSERT INTO `shop` VALUES (15,'顾家岗大药房','015',NULL,NULL,'GA001443',NULL,1);
INSERT INTO `shop` VALUES (16,'新疆路医药商场','016',NULL,NULL,'GA001444',NULL,4);
INSERT INTO `shop` VALUES (17,'老虎沟医药商场','017',NULL,NULL,'GA001445',NULL,1);
INSERT INTO `shop` VALUES (18,'武当山太和路第一大药房','018',NULL,NULL,'GA001446',NULL,7);
INSERT INTO `shop` VALUES (19,'武当山太和路第二大药房','019',NULL,NULL,'GA001447',NULL,7);
INSERT INTO `shop` VALUES (20,'郧阳区东岭大药房','020',NULL,NULL,'GA001448',NULL,5);
INSERT INTO `shop` VALUES (21,'老街大药房','021',NULL,NULL,'GA001449',NULL,2);
INSERT INTO `shop` VALUES (22,'江苏路大药房','022',NULL,NULL,'GA001450',NULL,3);
INSERT INTO `shop` VALUES (23,'上海路大药房','023',NULL,NULL,'GA001451',NULL,2);
INSERT INTO `shop` VALUES (24,'郧西黄山公园大药房','024',NULL,NULL,'GA001452',NULL,6);
INSERT INTO `shop` VALUES (25,'郧西观音大药房','025',NULL,NULL,'GA001453',NULL,6);
INSERT INTO `shop` VALUES (26,'人民南路大药房','026',NULL,NULL,'GA001454',NULL,1);
INSERT INTO `shop` VALUES (27,'东风第二中学医务室','027',NULL,NULL,'GA001455',NULL,1);
INSERT INTO `shop` VALUES (28,'金一地大药房','028',NULL,NULL,'GA001456',NULL,3);
INSERT INTO `shop` VALUES (29,'','029',NULL,NULL,'',NULL,NULL);
INSERT INTO `shop` VALUES (30,'柳林大药房','030',NULL,NULL,'GA001457',NULL,3);
INSERT INTO `shop` VALUES (31,'房县天一路大药房','031',NULL,NULL,'GA001458',NULL,8);
INSERT INTO `shop` VALUES (32,'界牌大药房','032',NULL,NULL,'GA001459',NULL,4);
INSERT INTO `shop` VALUES (33,'郧阳区茶店大药房','033',NULL,NULL,'GA001460',NULL,5);
INSERT INTO `shop` VALUES (34,'房县武当路第一大药房','034',NULL,NULL,'GA001461',NULL,8);
INSERT INTO `shop` VALUES (35,'杜家湾大药房','035',NULL,NULL,'GA001462',NULL,2);
INSERT INTO `shop` VALUES (36,'六堰大药房','036',NULL,NULL,'GA001463',NULL,3);
INSERT INTO `shop` VALUES (37,'房县九洲同大药房','037',NULL,NULL,'GA001464',NULL,8);
INSERT INTO `shop` VALUES (38,'房县车站大药房','038',NULL,NULL,'GA001465',NULL,8);
INSERT INTO `shop` VALUES (39,'郧阳区解放大道大药房','039',NULL,NULL,'GA001466',NULL,5);
INSERT INTO `shop` VALUES (40,'','040',NULL,NULL,'',NULL,NULL);
INSERT INTO `shop` VALUES (41,'阳光栖谷大药房','041',NULL,NULL,'GA001467',NULL,1);
INSERT INTO `shop` VALUES (42,'','042',NULL,NULL,'',NULL,NULL);
INSERT INTO `shop` VALUES (43,'郧西县西街大药房','043',NULL,NULL,'GA001468',NULL,6);
INSERT INTO `shop` VALUES (44,'武当山特区乔家院大药房','044',NULL,NULL,'GA001469',NULL,7);
INSERT INTO `shop` VALUES (45,'房县武当路第二大药','045',NULL,NULL,'GA001470',NULL,8);
INSERT INTO `shop` VALUES (46,'房县南街大药房（原福森店）','046',NULL,NULL,'GA001471',NULL,8);
INSERT INTO `shop` VALUES (47,'房县滨河大药房','047',NULL,NULL,'GA001472',NULL,8);
INSERT INTO `shop` VALUES (48,'艳湖社区大药房','048',NULL,NULL,'GA001473',NULL,2);
INSERT INTO `shop` VALUES (49,'宝丰镇第一大药房','049',NULL,NULL,'GA001474',NULL,10);
INSERT INTO `shop` VALUES (50,'总装厂大药房','050',NULL,NULL,'GA001475',NULL,3);
INSERT INTO `shop` VALUES (51,'郧西县车站大药房','051',NULL,NULL,'GA001476',NULL,6);
INSERT INTO `shop` VALUES (52,'郧西县环城北路大药房（原gr052西城店）','052',NULL,NULL,'GA001477',NULL,6);
INSERT INTO `shop` VALUES (53,'宝丰镇第二大药房','053',NULL,NULL,'GA001478',NULL,10);
INSERT INTO `shop` VALUES (54,'郧西县两府路大药房','054',NULL,NULL,'GA001479',NULL,6);
INSERT INTO `shop` VALUES (55,'犟河市场大药房','055',NULL,NULL,'GA001480',NULL,4);
INSERT INTO `shop` VALUES (56,'丹江口市六里坪镇第二大药房','056',NULL,NULL,'GA001481',NULL,7);
INSERT INTO `shop` VALUES (57,'郧县中岭巷大药房','057',NULL,NULL,'GA001482',NULL,5);
INSERT INTO `shop` VALUES (58,'郧县沿江大道大药房','058',NULL,NULL,'GA001483',NULL,5);
INSERT INTO `shop` VALUES (59,'宝丰镇第三大药房','059',NULL,NULL,'GA001484',NULL,10);
INSERT INTO `shop` VALUES (60,'竹溪县建设路大药房','060',NULL,NULL,'GA001485',NULL,11);
INSERT INTO `shop` VALUES (61,'郧西县富康大道大药房','061',NULL,NULL,'GA001486',NULL,6);
INSERT INTO `shop` VALUES (62,'','062',NULL,NULL,'',NULL,NULL);
INSERT INTO `shop` VALUES (63,'武当山特区广电大药房','063',NULL,NULL,'GA001487',NULL,7);
INSERT INTO `shop` VALUES (64,'郧西民联大药房','064',NULL,NULL,'GA001488',NULL,6);
INSERT INTO `shop` VALUES (65,'柳林路第二大药房','065',NULL,NULL,'GA001489',NULL,3);
INSERT INTO `shop` VALUES (66,'何家沟大药房','066',NULL,NULL,'GA001490',NULL,3);
INSERT INTO `shop` VALUES (67,'竹溪鄂陕大道','067',NULL,NULL,'GA001491',NULL,11);
INSERT INTO `shop` VALUES (68,'上海路二店大药房','068',NULL,NULL,'GA001492',NULL,2);
INSERT INTO `shop` VALUES (69,'竹溪县中医店','069',NULL,NULL,'GA001493',NULL,11);
INSERT INTO `shop` VALUES (70,'竹山县广场路大药房','070',NULL,NULL,'GA001494',NULL,NULL);
INSERT INTO `shop` VALUES (71,'车城西路大药房','071',NULL,NULL,'GA001495',NULL,4);
INSERT INTO `shop` VALUES (72,'郧西县天丰大药房','072',NULL,NULL,'GA001496',NULL,6);
INSERT INTO `shop` VALUES (73,'郧西县东营大药房','073',NULL,NULL,'GA001497',NULL,6);
INSERT INTO `shop` VALUES (74,'郧阳区西岭大药房','074',NULL,NULL,'GA001498',NULL,5);
INSERT INTO `shop` VALUES (75,'丹江口市六里坪镇第一大药房','075',NULL,NULL,'GA001499',NULL,7);
INSERT INTO `shop` VALUES (76,'华夏公馆大药房','076',NULL,NULL,'GA001500',NULL,2);
INSERT INTO `shop` VALUES (77,'王湾大药房','077',NULL,NULL,'GA001501',NULL,4);
INSERT INTO `shop` VALUES (78,'竹山县妇幼大药房','078',NULL,NULL,'GA001502',NULL,9);
INSERT INTO `shop` VALUES (79,'湖南路大药房','079',NULL,NULL,'GA001503',NULL,4);
INSERT INTO `shop` VALUES (80,'柏林大药房','080',NULL,NULL,'GA001504',NULL,4);
INSERT INTO `shop` VALUES (81,'竹山县西关大药房','081',NULL,NULL,'GA001505',NULL,9);
INSERT INTO `shop` VALUES (82,'竹溪钟鼓楼','082',NULL,NULL,'GA001506',NULL,11);
INSERT INTO `shop` VALUES (83,'轮胎厂第二大药房','083',NULL,NULL,'GA001507',NULL,3);
INSERT INTO `shop` VALUES (84,'六堰第二大药房','084',NULL,NULL,'',NULL,NULL);
INSERT INTO `shop` VALUES (85,'武当山永乐店','085',NULL,NULL,'GA001508',NULL,7);
INSERT INTO `shop` VALUES (86,'四一社区大药房','086',NULL,NULL,'GA001509',NULL,4);
INSERT INTO `shop` VALUES (87,'重庆路大药房','087',NULL,NULL,'GA001510',NULL,2);
INSERT INTO `shop` VALUES (88,'竹溪蒋家堰','088',NULL,NULL,'GA001511',NULL,11);
INSERT INTO `shop` VALUES (89,'竹溪水坪','089',NULL,NULL,'GA001512',NULL,11);
INSERT INTO `shop` VALUES (90,'竹山宝丰四','090',NULL,NULL,'GA001513',NULL,10);
INSERT INTO `shop` VALUES (91,'竹山人民路','091',NULL,NULL,'GA001514',NULL,9);
INSERT INTO `shop` VALUES (92,'竹山利民','092',NULL,NULL,'GA001515',NULL,9);
INSERT INTO `shop` VALUES (93,'竹山溢水','093',NULL,NULL,'GA001516',NULL,10);
INSERT INTO `shop` VALUES (94,'竹山旗舰','094',NULL,NULL,'GA001517',NULL,9);
INSERT INTO `shop` VALUES (95,'竹山惠民','095',NULL,NULL,'GA001518',NULL,9);
INSERT INTO `shop` VALUES (96,'竹山施洋路','096',NULL,NULL,'GA001519',NULL,9);
INSERT INTO `shop` VALUES (97,'竹山得胜80032','097',NULL,NULL,'GA001520',NULL,10);
INSERT INTO `shop` VALUES (98,'竹山双台','098',NULL,NULL,'GA001521',NULL,9);
INSERT INTO `shop` VALUES (99,'竹山明清','099',NULL,NULL,'GA001522',NULL,9);
INSERT INTO `shop` VALUES (100,'竹山秦古','100',NULL,NULL,'GA001523',NULL,10);
INSERT INTO `shop` VALUES (101,'','101',NULL,NULL,'',NULL,NULL);
INSERT INTO `shop` VALUES (102,'竹山官渡80029','102',NULL,NULL,'GA001524',NULL,9);
INSERT INTO `shop` VALUES (103,'竹山宝丰五','103',NULL,NULL,'GA001525',NULL,10);
INSERT INTO `shop` VALUES (104,'','104',NULL,NULL,'',NULL,NULL);
INSERT INTO `shop` VALUES (105,'竹山健民','105',NULL,NULL,'GA001526',NULL,9);
INSERT INTO `shop` VALUES (106,'竹山麻家渡','106',NULL,NULL,'GA001527',NULL,10);
INSERT INTO `shop` VALUES (107,'竹山上庸80008','107',NULL,NULL,'GA001528',NULL,9);
INSERT INTO `shop` VALUES (108,'竹山便民','108',NULL,NULL,'GA001529',NULL,9);
INSERT INTO `shop` VALUES (109,'竹山潘口','109',NULL,NULL,'GA001530',NULL,9);
INSERT INTO `shop` VALUES (110,'澳门街大药房','110',NULL,NULL,'GA001531',NULL,2);
INSERT INTO `shop` VALUES (111,'竹溪守金','111',NULL,NULL,'GA001532',NULL,11);
INSERT INTO `shop` VALUES (112,'江苏路第二大药房','112',NULL,NULL,'GA001533',NULL,3);
INSERT INTO `shop` VALUES (113,'燕林小区大药房','113',NULL,NULL,'GA001534',NULL,3);
INSERT INTO `shop` VALUES (114,'竹山擂鼓','114',NULL,NULL,'GA001535',NULL,10);
INSERT INTO `shop` VALUES (115,'竹山得胜二','115',NULL,NULL,'GA001536',NULL,10);
INSERT INTO `shop` VALUES (116,'竹山溢水二','116',NULL,NULL,'GA001537',NULL,10);
INSERT INTO `shop` VALUES (117,'竹山秦古二','117',NULL,NULL,'GA001538',NULL,10);
INSERT INTO `shop` VALUES (118,'北京小镇大药房','118',NULL,NULL,'GA001539',NULL,2);
INSERT INTO `shop` VALUES (119,'房县神龙','119',NULL,NULL,'GA001540',NULL,8);
INSERT INTO `shop` VALUES (120,'南化一','120',NULL,NULL,'GA001541',NULL,5);
INSERT INTO `shop` VALUES (121,'红塔','121',NULL,NULL,'GA001542',NULL,8);
INSERT INTO `shop` VALUES (122,'六里坪三8491086','122',NULL,NULL,'GA001543',NULL,7);
INSERT INTO `shop` VALUES (123,'解放路二','123',NULL,NULL,'GA001544',NULL,5);
INSERT INTO `shop` VALUES (124,'南化二','124',NULL,NULL,'GA001545',NULL,5);
INSERT INTO `shop` VALUES (125,'城东','125',NULL,NULL,'GA001546',NULL,5);
INSERT INTO `shop` VALUES (126,'金沙(X)','126',NULL,NULL,'GA001547',NULL,NULL);
INSERT INTO `shop` VALUES (127,'大润发','127',NULL,NULL,'GA001548',NULL,9);
INSERT INTO `shop` VALUES (128,'郧西县富康二','128',NULL,NULL,'GA001549',NULL,6);
INSERT INTO `shop` VALUES (129,'龙城大药房','129',NULL,NULL,'GA001550',NULL,3);
INSERT INTO `shop` VALUES (130,'凤凰香郡店','130',NULL,NULL,'GA001551',NULL,2);
INSERT INTO `shop` VALUES (131,'利民二千福','131',NULL,NULL,'GA001552',NULL,9);
INSERT INTO `shop` VALUES (132,'竹溪人医','132',NULL,NULL,'GA001553',NULL,11);
INSERT INTO `shop` VALUES (133,'邮电街','133',NULL,NULL,'GA001555',NULL,3);
INSERT INTO `shop` VALUES (134,'竹山麻家渡二','134',NULL,NULL,'GA001554',NULL,10);
INSERT INTO `shop` VALUES (135,'蓝山郡店','135',NULL,NULL,'GA001556',NULL,4);
INSERT INTO `shop` VALUES (136,'顾家岗名城港湾店','136',NULL,NULL,'GA001557',NULL,2);
INSERT INTO `shop` VALUES (137,'房县神龙二','137',NULL,NULL,'GA001558',NULL,8);
INSERT INTO `shop` VALUES (138,'红卫技校','138',NULL,NULL,'GA001559',NULL,4);
INSERT INTO `shop` VALUES (139,'红卫市场','139',NULL,NULL,'GA001560',NULL,4);
INSERT INTO `shop` VALUES (140,'顾家岗二店','140',NULL,NULL,'GA001561',NULL,2);
INSERT INTO `shop` VALUES (141,'中心药铺','141',NULL,NULL,'GA001562',NULL,10);
INSERT INTO `shop` VALUES (142,'温心药房','142',NULL,NULL,'GA001563',NULL,10);
INSERT INTO `shop` VALUES (143,'源河=河北路','143',NULL,NULL,'GA001564',NULL,3);
INSERT INTO `shop` VALUES (144,'竹溪水坪二','144',NULL,NULL,'GA001565',NULL,11);
INSERT INTO `shop` VALUES (145,'和昌','145',NULL,NULL,'GA001566',NULL,3);
INSERT INTO `shop` VALUES (146,'军店','146',NULL,NULL,'GA001567',NULL,8);
INSERT INTO `shop` VALUES (147,'房陵大道','147',NULL,NULL,'GA001568',NULL,8);
INSERT INTO `shop` VALUES (148,'十堰路','148',NULL,NULL,'GA001569',NULL,9);
INSERT INTO `shop` VALUES (149,'武当山四店','149',NULL,NULL,'GA001570',NULL,7);
INSERT INTO `shop` VALUES (150,'四方新城','150',NULL,NULL,'GA001571',NULL,4);
INSERT INTO `shop` VALUES (151,'宝丰六','151',NULL,NULL,'GA001572',NULL,10);
INSERT INTO `shop` VALUES (152,'军店二','152',NULL,NULL,'GA001573',NULL,8);
INSERT INTO `shop` VALUES (153,'武当山五店','153',NULL,NULL,'GA001574',NULL,7);
INSERT INTO `shop` VALUES (154,'东城国际','154',NULL,NULL,'GA001575',NULL,2);
INSERT INTO `shop` VALUES (155,'花果市场','155',NULL,NULL,'GA001576',NULL,4);
INSERT INTO `shop` VALUES (156,'银河社区诊所','156',NULL,NULL,'GA001577',NULL,3);
INSERT INTO `shop` VALUES (157,'中岭二','157',NULL,NULL,'GA001578',NULL,5);
INSERT INTO `shop` VALUES (158,'竹溪广场大药房','158',NULL,NULL,'GA001579',NULL,11);
INSERT INTO `shop` VALUES (159,'北京中路大药房=王府井','159',NULL,NULL,'GA001580',NULL,2);
INSERT INTO `shop` VALUES (160,'50厂西苑小区','160',NULL,NULL,'GA003215',NULL,2);
INSERT INTO `shop` VALUES (161,'白浪中路','161',NULL,NULL,'GA003216',NULL,2);
INSERT INTO `shop` VALUES (162,'51厂=东风大道','162',NULL,NULL,'GA003217',NULL,2);
INSERT INTO `shop` VALUES (163,'浙江路=和昌国际三期','163',NULL,NULL,'GA003218',NULL,3);
INSERT INTO `shop` VALUES (164,'164店','164',NULL,NULL,'GA003219',NULL,1);
/*!40000 ALTER TABLE `shop` ENABLE KEYS */;
UNLOCK TABLES;

--
-- Table structure for table `zone`
--

DROP TABLE IF EXISTS `zone`;
/*!40101 SET @saved_cs_client     = @@character_set_client */;
/*!40101 SET character_set_client = utf8 */;
CREATE TABLE `zone` (
  `zid` int(11) NOT NULL AUTO_INCREMENT,
  `zname` varchar(20) DEFAULT NULL,
  PRIMARY KEY (`zid`)
) ENGINE=InnoDB AUTO_INCREMENT=12 DEFAULT CHARSET=utf8mb4;
/*!40101 SET character_set_client = @saved_cs_client */;

--
-- Dumping data for table `zone`
--

LOCK TABLES `zone` WRITE;
/*!40000 ALTER TABLE `zone` DISABLE KEYS */;
INSERT INTO `zone` VALUES (1,'中心');
INSERT INTO `zone` VALUES (2,'茅箭');
INSERT INTO `zone` VALUES (3,'张湾');
INSERT INTO `zone` VALUES (4,'车城');
INSERT INTO `zone` VALUES (5,'郧阳');
INSERT INTO `zone` VALUES (6,'郧西');
INSERT INTO `zone` VALUES (7,'武当山');
INSERT INTO `zone` VALUES (8,'房县');
INSERT INTO `zone` VALUES (9,'竹山');
INSERT INTO `zone` VALUES (10,'宝丰');
INSERT INTO `zone` VALUES (11,'竹溪');
/*!40000 ALTER TABLE `zone` ENABLE KEYS */;
UNLOCK TABLES;
/*!40103 SET TIME_ZONE=@OLD_TIME_ZONE */;

/*!40101 SET SQL_MODE=@OLD_SQL_MODE */;
/*!40014 SET FOREIGN_KEY_CHECKS=@OLD_FOREIGN_KEY_CHECKS */;
/*!40014 SET UNIQUE_CHECKS=@OLD_UNIQUE_CHECKS */;
/*!40101 SET CHARACTER_SET_CLIENT=@OLD_CHARACTER_SET_CLIENT */;
/*!40101 SET CHARACTER_SET_RESULTS=@OLD_CHARACTER_SET_RESULTS */;
/*!40101 SET COLLATION_CONNECTION=@OLD_COLLATION_CONNECTION */;
/*!40111 SET SQL_NOTES=@OLD_SQL_NOTES */;

-- Dump completed on 2019-06-22 18:23:06
